{"objects":[{"idx":"silent_aim_enabled","type":"Toggle","value":true},{"idx":"chams_enabled","type":"Toggle","value":true},{"idx":"always_head_enabled","type":"Toggle","value":false},{"idx":"target_tracer_enabled","type":"Toggle","value":false},{"idx":"anti_aim_enabled","type":"Toggle","value":false},{"idx":"walkspeed_enabled","type":"Toggle","value":false},{"idx":"bypass_walkspeed_enabled","type":"Toggle","value":false},{"idx":"origin_scan_enabled","type":"Toggle","value":false},{"idx":"visible_check","type":"Toggle","value":false},{"idx":"aimassist_enabled","type":"Toggle","value":true},{"idx":"hitsounds_enabled","type":"Toggle","value":false},{"idx":"bullet_tracer_enabled","type":"Toggle","value":false},{"idx":"silent_aim_show_range","type":"Toggle","value":false},{"idx":"prediction_enabled","type":"Toggle","value":false},{"idx":"aimassist_show_range","type":"Toggle","value":false},{"idx":"origin_offset_z","type":"Slider","value":"0"},{"idx":"speed_value","type":"Slider","value":"50"},{"idx":"target_tracer_color","type":"ColorPicker","transparency":0,"value":"ffffff"},{"idx":"aimassist_method","type":"Dropdown","mutli":false,"value":"Circle"},{"idx":"cham_fill","type":"ColorPicker","transparency":0,"value":"ffffff"},{"idx":"aimassist_method_range","type":"Slider","value":"18"},{"idx":"aimassist_method_speed","type":"Slider","value":"16"},{"idx":"cham_outline","type":"ColorPicker","transparency":0,"value":"ffffff"},{"idx":"bullet_tracer_color_1","type":"ColorPicker","transparency":0,"value":"ffffff"},{"idx":"prediction_value","type":"Slider","value":"2"},{"idx":"aimassist_speed","type":"Slider","value":"5"},{"idx":"anti_aim_method","type":"Dropdown","mutli":false,"value":"Spin"},{"idx":"hitsound_value","type":"Dropdown","mutli":false,"value":"Osu"},{"idx":"silent_aim_range","type":"Slider","value":"100"},{"idx":"hitpart_value","type":"Dropdown","mutli":false,"value":"Head"},{"idx":"anti_aim_speed","type":"Slider","value":"10"},{"idx":"origin_offset_y","type":"Slider","value":"0"},{"idx":"silent_aim_range_color","type":"ColorPicker","transparency":0,"value":"ffffff"},{"idx":"hitsound_volume","type":"Slider","value":"1"},{"idx":"aimassist_range","type":"Slider","value":"100"},{"idx":"origin_scan_range","type":"Slider","value":"5"},{"idx":"bullet_tracer_color_2","type":"ColorPicker","transparency":0,"value":"ffffff"},{"idx":"target_offset_y","type":"Slider","value":"0"},{"idx":"aimassist_range_color","type":"ColorPicker","transparency":0,"value":"ffffff"}]}