{"objects":[{"idx":"SelectWeapon","type":"Dropdown","mutli":true,"value":{"Melee":true},"Timestamp":1739583583.8756839},{"idx":"SelectPosition","type":"Dropdown","mutli":false,"value":"Over","Timestamp":1739583583.8784233},{"idx":"SelectDistance","type":"Slider","Timestamp":1739583583.8802243,"value":15},{"idx":"SelectDelay","type":"Slider","Timestamp":1739583583.8805588,"value":0},{"idx":"EnableArmament","type":"Toggle","Timestamp":1739583583.8811367,"value":false},{"idx":"EnableObservation","type":"Toggle","Timestamp":1739583583.881368,"value":false},{"idx":"EnableConqueror","type":"Toggle","Timestamp":1739583583.8815873,"value":false},{"idx":"SelectMeleeSkills","type":"Dropdown","mutli":true,"value":{"X":true,"C":true,"Z":true,"F":true,"B":true,"V":true},"Timestamp":1739583583.8819595},{"idx":"SelectFruitSkills","type":"Dropdown","mutli":true,"value":{"X":true,"C":true,"Z":true,"F":true,"B":true,"V":true},"Timestamp":1739583583.8849123},{"idx":"SelectGunSkills","type":"Dropdown","mutli":true,"value":{"X":true,"C":true,"Z":true,"F":true,"B":true,"V":true},"Timestamp":1739583583.8870807},{"idx":"SelectSwordSkills","type":"Dropdown","mutli":true,"value":{"X":true,"C":true,"Z":true,"F":true,"B":true,"V":true},"Timestamp":1739583583.8892427},{"idx":"SkillsDelay","type":"Slider","Timestamp":1739583583.891408,"value":0},{"idx":"EnableSkills","type":"Toggle","Timestamp":1739583583.8917156,"value":false},{"idx":"SelectMobs","type":"Dropdown","mutli":true,"value":{"Miss Silver":true},"Timestamp":1739583583.8921376},{"idx":"EnableFarm","type":"Toggle","Timestamp":1739583583.9625612,"value":false},{"idx":"EnableMobHop","type":"Toggle","Timestamp":1739583583.9628654,"value":false},{"idx":"EnableQuest","type":"Toggle","Timestamp":1739583583.9638599,"value":false},{"idx":"EnableLevelFarm","type":"Toggle","Timestamp":1739583583.9643715,"value":false},{"idx":"SelectBosses","type":"Dropdown","mutli":true,"value":{"Worlds Strongest Swordsman":true},"Timestamp":1739583583.964602},{"idx":"EnableBossFarm","type":"Toggle","Timestamp":1739583583.9760843,"value":false},{"idx":"EnableFloating","type":"Toggle","Timestamp":1739583583.9764257,"value":false},{"idx":"SelectSeaBeasts","type":"Dropdown","mutli":true,"value":{"SEA KING":true},"Timestamp":1739583583.9766978},{"idx":"EnableBeastFarm","type":"Toggle","Timestamp":1739583583.9784287,"value":false},{"idx":"SelectSecretBosses","type":"Dropdown","mutli":true,"value":{"Sniper King.":true},"Timestamp":1739583583.9787074},{"idx":"EnableSecretBossFarm","type":"Toggle","Timestamp":1739583583.9809967,"value":false},{"idx":"SelectRaidBoss","type":"Dropdown","mutli":false,"value":"Kizaru","Timestamp":1739583583.9812942},{"idx":"EnableRaidFarm","type":"Toggle","Timestamp":1739583584.02022,"value":false},{"idx":"EnableReplay","type":"Toggle","Timestamp":1739583584.02067,"value":false},{"idx":"SelectWorldRaid","type":"Dropdown","mutli":false,"value":"RaceV2","Timestamp":1739583584.021106},{"idx":"EnableWorldRaid","type":"Toggle","Timestamp":1739583584.0231539,"value":false},{"idx":"EnableScroll","type":"Toggle","Timestamp":1739583584.0238336,"value":false},{"idx":"SelectTrainType","type":"Dropdown","mutli":true,"value":{"Melee":true},"Timestamp":1739583584.0244625},{"idx":"TrainingCooldown","type":"Slider","Timestamp":1739583584.0283626,"value":0},{"idx":"EnableTrain","type":"Toggle","Timestamp":1739583584.0287715,"value":false},{"idx":"EnableTransform","type":"Toggle","Timestamp":1739583584.02916,"value":false},{"idx":"GiftDelay","type":"Slider","Timestamp":1739583584.029623,"value":1},{"idx":"EnableGifts","type":"Toggle","Timestamp":1739583584.0301688,"value":false},{"idx":"EnableGiftHop","type":"Toggle","Timestamp":1739583584.0306998,"value":false},{"idx":"ChestDelay","type":"Slider","Timestamp":1739583584.0311423,"value":1},{"idx":"EnableChests","type":"Toggle","Timestamp":1739583584.0317043,"value":false},{"idx":"EnableChestHop","type":"Toggle","Timestamp":1739583584.032196,"value":false},{"idx":"SelectHopFruits","type":"Dropdown","mutli":true,"value":{"BaraFruit":true,"SmokeFruit":true,"LoveFruit":true,"BomuFruit":true,"BuddhaFruit":true,"HoroFruit":true,"SukeFruit":true,"GomuFruit":true,"GasuFruit":true,"SpringFruit":true,"PawFruit":true,"OpeFruit":true,"SoulFruit":true,"PeroFruit":true,"LightFruit":true,"VampireFruit":true,"BarrierFruit":true,"GoroFruit":true,"CrowFruit":true,"KiraFruit":true,"ItoFruit":true,"YomiFruit":true,"HanaFruit":true,"ZuchiFruit":true,"LeopardFruit":true,"PhoenixFruit":true,"YamiFruit":true,"DokuFruit":true,"MagnetFruit":true,"YukiFruit":true,"OkuchiFruit":true,"SoundFruit":true,"KiloFruit":true,"MirrorFruit":true,"SunaFruit":true,"SpinFruit":true,"MeraFruit":true,"MochiFruit":true,"DragonFruit":true,"MagmaFruit":true,"SlipFruit":true,"ShadowFruit":true,"GuraFruit":true,"HieFruit":true},"Timestamp":1739583584.0326777},{"idx":"SelectMode","type":"Dropdown","mutli":true,"value":{"Dropped":true,"Spawned":true},"Timestamp":1739583584.0730856},{"idx":"EnableFruits","type":"Toggle","Timestamp":1739583584.0753377,"value":true},{"idx":"EnableStorage","type":"Toggle","Timestamp":1739583584.0760084,"value":true},{"idx":"EnableFruitHop","type":"Toggle","Timestamp":1739583584.0765112,"value":false},{"idx":"SelectFruits","type":"Dropdown","mutli":true,"value":{"Light":true},"Timestamp":1739583584.0776797},{"idx":"EnableStockSniper","type":"Toggle","Timestamp":1739583584.121399,"value":false},{"idx":"EnableDailyCollect","type":"Toggle","Timestamp":1739583584.1220048,"value":false},{"idx":"EnablePurchaseFruit","type":"Toggle","Timestamp":1739583584.122776,"value":false},{"idx":"EnableHide","type":"Toggle","Timestamp":1739583584.1233044,"value":false},{"idx":"EnableSeaWalk","type":"Toggle","Timestamp":1739583584.1238249,"value":false},{"idx":"SelectPriority","type":"Dropdown","mutli":false,"value":"Boss","Timestamp":1739583584.1247719},{"idx":"SelectIsland","type":"Dropdown","mutli":false,"value":"DrumPoint","Timestamp":1739583584.1322125},{"idx":"SelectNpc","type":"Dropdown","mutli":false,"value":"Ship Seller","Timestamp":1739583584.1423779},{"idx":"SelectRod","type":"Dropdown","mutli":false,"value":"","Timestamp":1739583584.190198},{"idx":"EnableWin","type":"Toggle","Timestamp":1739583584.1939426,"value":false},{"idx":"EnableFish","type":"Toggle","Timestamp":1739583584.1946524,"value":false},{"idx":"SelectedTrade","type":"Dropdown","mutli":true,"value":[],"Timestamp":1739583584.19541},{"idx":"EnableTrade","type":"Toggle","Timestamp":1739583584.2065752,"value":false},{"idx":"EnableFrost","type":"Toggle","Timestamp":1739583584.2076619,"value":false},{"idx":"SelectWinter","type":"Dropdown","mutli":true,"value":[],"Timestamp":1739583584.2084742},{"idx":"EnableWinterFarm","type":"Toggle","Timestamp":1739583584.2102507,"value":false},{"idx":"EnableWinterHop","type":"Toggle","Timestamp":1739583584.2109926,"value":false},{"idx":"EnableYellow","type":"Toggle","Timestamp":1739583584.211881,"value":false},{"idx":"EnablePink","type":"Toggle","Timestamp":1739583584.2127784,"value":false},{"idx":"EnableBlue","type":"Toggle","Timestamp":1739583584.214351,"value":false},{"idx":"EnableHakiCompleter","type":"Toggle","Timestamp":1739583584.215986,"value":false}]}