{"objects":[{"idx":"SelectWeapon","type":"Dropdown","mutli":true,"value":{"Sword":true,"Fruit":true},"Timestamp":1739639474.6038597},{"idx":"SelectPosition","type":"Dropdown","mutli":false,"value":"Front","Timestamp":1739639474.6068607},{"idx":"SelectDistance","type":"Slider","Timestamp":1739639474.6088794,"value":11},{"idx":"SelectDelay","type":"Slider","Timestamp":1739639474.6091715,"value":0},{"idx":"EnableArmament","type":"Toggle","Timestamp":1739639474.6095503,"value":true},{"idx":"EnableObservation","type":"Toggle","Timestamp":1739639474.6097587,"value":true},{"idx":"EnableConqueror","type":"Toggle","Timestamp":1739639474.6099642,"value":true},{"idx":"SelectMeleeSkills","type":"Dropdown","mutli":true,"value":{"X":true,"C":true,"Z":true,"B":true,"F":true},"Timestamp":1739639474.6103297},{"idx":"SelectFruitSkills","type":"Dropdown","mutli":true,"value":{"X":true,"C":true,"Z":true,"B":true,"V":true},"Timestamp":1739639474.6135848},{"idx":"SelectGunSkills","type":"Dropdown","mutli":true,"value":{"X":true,"C":true,"Z":true,"F":true,"B":true,"V":true},"Timestamp":1739639474.6158524},{"idx":"SelectSwordSkills","type":"Dropdown","mutli":true,"value":{"X":true,"C":true,"Z":true,"F":true,"B":true,"V":true},"Timestamp":1739639474.6181834},{"idx":"SkillsDelay","type":"Slider","Timestamp":1739639474.620506,"value":0},{"idx":"EnableSkills","type":"Toggle","Timestamp":1739639474.620867,"value":true},{"idx":"SelectMobs","type":"Dropdown","mutli":true,"value":[],"Timestamp":1739639474.6213084},{"idx":"EnableFarm","type":"Toggle","Timestamp":1739639474.7036274,"value":false},{"idx":"EnableMobHop","type":"Toggle","Timestamp":1739639474.7038873,"value":false},{"idx":"EnableQuest","type":"Toggle","Timestamp":1739639474.704125,"value":true},{"idx":"EnableLevelFarm","type":"Toggle","Timestamp":1739639474.7046796,"value":true},{"idx":"SelectBosses","type":"Dropdown","mutli":true,"value":{"Ruffy (RoofTop)":true,"Danji (Flower County)":true,"Worlds Strongest Swordsman":true,"Jolly Roger":true,"Radio (Combat)":true,"Galaxy Vice Admiral (Old)":true,"Loro (Flower County)":true,"Alligator":true},"Timestamp":1739639474.704937},{"idx":"EnableBossFarm","type":"Toggle","Timestamp":1739639474.7088795,"value":false},{"idx":"EnableFloating","type":"Toggle","Timestamp":1739639474.7092293,"value":false},{"idx":"SelectSeaBeasts","type":"Dropdown","mutli":true,"value":{"SEA KING":true,"SEA BEAST":true},"Timestamp":1739639474.7094956},{"idx":"EnableBeastFarm","type":"Toggle","Timestamp":1739639474.7112866,"value":true},{"idx":"SelectSecretBosses","type":"Dropdown","mutli":true,"value":[],"Timestamp":1739639474.7116047},{"idx":"EnableSecretBossFarm","type":"Toggle","Timestamp":1739639474.7126327,"value":false},{"idx":"SelectRaidBoss","type":"Dropdown","mutli":false,"value":"Kizaru","Timestamp":1739639474.7129458},{"idx":"EnableRaidFarm","type":"Toggle","Timestamp":1739639474.7578512,"value":false},{"idx":"EnableReplay","type":"Toggle","Timestamp":1739639474.758323,"value":false},{"idx":"SelectWorldRaid","type":"Dropdown","mutli":false,"value":"RaceV2","Timestamp":1739639474.7587455},{"idx":"EnableWorldRaid","type":"Toggle","Timestamp":1739639474.760715,"value":false},{"idx":"EnableScroll","type":"Toggle","Timestamp":1739639474.7613855,"value":false},{"idx":"SelectTrainType","type":"Dropdown","mutli":true,"value":{"Sword":true,"Melee":true,"Defence":true},"Timestamp":1739639474.7621563},{"idx":"TrainingCooldown","type":"Slider","Timestamp":1739639474.7658225,"value":0},{"idx":"EnableTrain","type":"Toggle","Timestamp":1739639474.7663098,"value":true},{"idx":"EnableTransform","type":"Toggle","Timestamp":1739639474.7667406,"value":true},{"idx":"GiftDelay","type":"Slider","Timestamp":1739639474.767171,"value":1},{"idx":"EnableGifts","type":"Toggle","Timestamp":1739639474.7676347,"value":false},{"idx":"EnableGiftHop","type":"Toggle","Timestamp":1739639474.768033,"value":false},{"idx":"ChestDelay","type":"Slider","Timestamp":1739639474.7684284,"value":1},{"idx":"EnableChests","type":"Toggle","Timestamp":1739639474.7688833,"value":false},{"idx":"EnableChestHop","type":"Toggle","Timestamp":1739639474.7692695,"value":false},{"idx":"SelectHopFruits","type":"Dropdown","mutli":true,"value":{"HanaFruit":true,"SmokeFruit":true,"LoveFruit":true,"BomuFruit":true,"BuddhaFruit":true,"HoroFruit":true,"SukeFruit":true,"GomuFruit":true,"GasuFruit":true,"SpringFruit":true,"PawFruit":true,"DokuFruit":true,"SoulFruit":true,"PeroFruit":true,"LightFruit":true,"VampireFruit":true,"BarrierFruit":true,"CrowFruit":true,"MagmaFruit":true,"ItoFruit":true,"YomiFruit":true,"MirrorFruit":true,"DragonFruit":true,"LeopardFruit":true,"PhoenixFruit":true,"YamiFruit":true,"SoundFruit":true,"MagnetFruit":true,"YukiFruit":true,"OkuchiFruit":true,"KiraFruit":true,"KiloFruit":true,"HieFruit":true,"SunaFruit":true,"SpinFruit":true,"MeraFruit":true,"MochiFruit":true,"BaraFruit":true,"GoroFruit":true,"SlipFruit":true,"ShadowFruit":true,"GuraFruit":true,"OpeFruit":true},"Timestamp":1739639474.7696624},{"idx":"SelectMode","type":"Dropdown","mutli":true,"value":{"Dropped":true,"Spawned":true},"Timestamp":1739639474.8134299},{"idx":"EnableFruits","type":"Toggle","Timestamp":1739639474.8160239,"value":true},{"idx":"EnableStorage","type":"Toggle","Timestamp":1739639474.8166192,"value":true},{"idx":"EnableFruitHop","type":"Toggle","Timestamp":1739639474.8171807,"value":false},{"idx":"SelectFruits","type":"Dropdown","mutli":true,"value":{"Light":true},"Timestamp":1739639474.8219145},{"idx":"EnableStockSniper","type":"Toggle","Timestamp":1739639474.8676749,"value":false},{"idx":"EnableDailyCollect","type":"Toggle","Timestamp":1739639474.8684896,"value":true},{"idx":"EnablePurchaseFruit","type":"Toggle","Timestamp":1739639474.8692198,"value":false},{"idx":"EnableHide","type":"Toggle","Timestamp":1739639474.8699322,"value":false},{"idx":"EnableSeaWalk","type":"Toggle","Timestamp":1739639474.870647,"value":false},{"idx":"SelectPriority","type":"Dropdown","mutli":false,"value":"Boss","Timestamp":1739639474.8717614},{"idx":"SelectIsland","type":"Dropdown","mutli":false,"value":"AmazonPoint","Timestamp":1739639474.8807469},{"idx":"SelectNpc","type":"Dropdown","mutli":false,"value":"Ship Seller","Timestamp":1739639474.8918589},{"idx":"SelectRod","type":"Dropdown","mutli":false,"value":"","Timestamp":1739639475.0027786},{"idx":"EnableWin","type":"Toggle","Timestamp":1739639475.0058542,"value":false},{"idx":"EnableFish","type":"Toggle","Timestamp":1739639475.0064798,"value":false},{"idx":"SelectedTrade","type":"Dropdown","mutli":true,"value":[],"Timestamp":1739639475.0070849},{"idx":"EnableTrade","type":"Toggle","Timestamp":1739639475.0097249,"value":false},{"idx":"EnableFrost","type":"Toggle","Timestamp":1739639475.0109723,"value":false},{"idx":"SelectWinter","type":"Dropdown","mutli":true,"value":[],"Timestamp":1739639475.0119343},{"idx":"EnableWinterFarm","type":"Toggle","Timestamp":1739639475.01417,"value":false},{"idx":"EnableWinterHop","type":"Toggle","Timestamp":1739639475.0150345,"value":false},{"idx":"EnableYellow","type":"Toggle","Timestamp":1739639475.0157295,"value":false},{"idx":"EnablePink","type":"Toggle","Timestamp":1739639475.0164662,"value":false},{"idx":"EnableBlue","type":"Toggle","Timestamp":1739639475.0171266,"value":false},{"idx":"EnableHakiCompleter","type":"Toggle","Timestamp":1739639475.0181952,"value":true}]}