{"Select Super Boss":"Dual Swordsman","Set Spawn":"Shark Park","Combat":false,"Select Special Boss":"","Start Farm":true,"Select Fruit":[],"ESP Fruits":true,"Start Farm G4 Book":false,"Start Farm Super Boss":false,"Start Farm Special Boss":false,"Auto Set Spawn (AutoFarmLevel)":true,"Disable Auto Store G4Book After Stored G4Book":false,"ESP Players":false,"Fruit":false,"Buso Haki":true,"Set Point":1,"B":false,"Sword":false,"Start Farm Sea Beast":false,"Set Weapon":"Fruit","Obs Haki":true,"Auto Store Gear 4 Book":false,"Set Quest":"Auto Detected Level","Defense":false,"Select Form":"","Buy Selected Fruit":false,"V":true,"C":true,"X":true,"Get Quest":true,"Z":true,"Set Type":"Above","Start Farm Fire Fist Boss":false,"Auto Transform For Gum":true,"Set Distance":7}